p_id,id
 ,5Z78190499
5Z78190499,9H09202312
5Z78190499,B06522194
5Z78190499,0G91202516
5Z78190499,0R72190097
5Z78190499,0R78201316
5Z78190499,1E04201305
5Z78190499,1H45202107
5Z78190499,1M34201205
5Z78190499,1N34201907
5Z78190499,2D09190697
5Z78190499,2M78190596
5Z78190499,2N90202510
5Z78190499,3H54201605
5Z78190499,3W02190288
5Z78190499,3Z53202107
5Z78190499,4E29200101
5Z78190499,4H33202112
5Z78190499,4K52201009
5Z78190499,5C36201508
5Z78190499,5D13201707
5Z78190499,5D70201814
5Z78190499,5N72200206
5Z78190499,6D48201208
5Z78190499,6H21203112
5Z78190499,6R60201204
5Z78190499,7D81200606
5Z78190499,7K43201309
5Z78190499,7K98200812
5Z78190499,8C26190184
5Z78190499,8G66201000
5Z78190499,9E28202107
